{
    "fuelTypeId": "1",
    "minLat": 37.7636508606051,
    "maxLat": 37.845029521809614,
    "minLng": -122.41381450424805,
    "maxLng": -122.12851329575196,
    "width": 1662,
    "height": 600
}
